depth,fix_depth,C,auc
16.0,0.0,0.01,0.7605105105105104
11.0,1.0,0.01,0.727495107632094
8.0,2.0,1000.0,0.7349397590361445
12.0,1.0,0.01,0.7718642117376294
19.0,5.0,0.01,0.7516447368421053
