depth,fix_depth,C,auc
15.0,0.0,0.01,0.6534700920245398
11.0,11.0,0.1,0.6065015479876161
1.0,0.0,0.1,0.6492776886035313
0.0,0.0,0.01,0.6408239250540476
18.0,18.0,0.01,0.6188103394581127
