auc,params
0.5452985586822238,{'C': 5}
0.6879886282871358,{'C': 100}
0.6374125874125874,{'C': 5}
0.6311594202898549,{'C': 10}
0.6844197138314787,{'C': 10}
