auc,params
0.7447447447447447,{'C': 100}
0.7045009784735812,{'C': 10}
0.7389558232931726,{'C': 100}
0.7796317606444189,{'C': 1000}
0.7571271929824562,{'C': 10}
