auc,params
0.6515238642898217,{'C': 10}
0.5144654088050314,{'C': 10}
0.7319347319347318,{'C': 10}
0.6322843822843823,{'C': 5}
0.6567944250871081,{'C': 5}
