auc,params
0.7604938271604939,{'C': 5}
0.7732142857142857,{'C': 1000}
0.7034813925570228,{'C': 100}
0.7792452830188679,{'C': 1000}
0.7828106852497096,{'C': 1000}
