auc,params
0.6623325453112687,{'C': 1000}
0.6265873015873017,{'C': 1000}
0.6827868852459016,{'C': 10}
0.6650943396226414,{'C': 1000}
0.6568144499178982,{'C': 1000}
