auc,params
0.8771929824561404,{'C': 5}
0.8536324786324786,{'C': 5}
0.9048494983277592,{'C': 1000}
0.8945998698763825,{'C': 5}
0.9396929824561402,{'C': 10}
