auc,params
0.6468926553672315,{'C': 1000}
0.7875611460517121,{'C': 1000}
0.7941595441595442,{'C': 10}
0.7511997046880768,{'C': 5}
0.7860448558205767,{'C': 100}
