auc,params
0.7099391480730224,{'C': 100}
0.7708333333333333,{'C': 5}
0.6397174254317111,{'C': 10}
0.6658950617283951,{'C': 100}
0.6635145784081954,{'C': 1000}
