auc,params
0.6772151898734178,{'C': 5}
0.7472862957937585,{'C': 5}
0.6187290969899666,{'C': 100}
0.7156659765355418,{'C': 5}
0.6270161290322581,{'C': 5}
