auc,params
0.8014264264264264,{'C': 5}
0.8111111111111111,{'C': 100}
0.7941176470588235,{'C': 100}
0.7264927934111187,{'C': 5}
0.7669753086419753,{'C': 5}
