auc,params
0.5897435897435899,{'C': 100}
0.6133333333333333,{'C': 5}
0.7076648841354723,{'C': 10}
0.5091911764705883,{'C': 5}
0.653448275862069,{'C': 5}
