auc,params
0.6784018987341773,{'C': 5}
0.7479647218453189,{'C': 5}
0.6197324414715719,{'C': 10}
0.7236024844720497,{'C': 5}
0.6253360215053764,{'C': 10}
