auc,params
0.652673950546291,{'C': 100}
0.5207547169811321,{'C': 5}
0.7284382284382284,{'C': 100}
0.6311188811188811,{'C': 500}
0.6567944250871081,{'C': 10}
