auc,params
0.7604938271604939,{'C': 5}
0.7613095238095239,{'C': 5}
0.709483793517407,{'C': 10}
0.7641509433962264,{'C': 10}
0.8013937282229965,{'C': 100}
