auc,params
0.7160243407707911,{'C': 5}
0.7608024691358024,{'C': 100}
0.6373626373626373,{'C': 100}
0.6705246913580246,{'C': 100}
0.6595744680851063,{'C': 5}
