auc,params
0.8794671864847303,{'C': 5}
0.8518518518518519,{'C': 10}
0.9127090301003344,{'C': 100}
0.8949251789199739,{'C': 5}
0.9404239766081871,{'C': 5}
