auc,params
0.5470144131777626,{'C': 5}
0.6883439943141435,{'C': 10}
0.6381118881118881,{'C': 5}
0.6326086956521739,{'C': 5}
0.690779014308426,{'C': 5}
