auc,params
0.5534144692359702,{'C': 5}
0.5350340136054421,{'C': 5}
0.7101349014181944,{'C': 5}
0.6773630973142657,{'C': 5}
0.6613970588235295,{'C': 5}
