auc,params
0.7337337337337337,{'C': 100}
0.7030332681017613,{'C': 10}
0.7329317269076305,{'C': 100}
0.7686996547756042,{'C': 10}
0.7472587719298246,{'C': 5}
