auc,params
0.6680790960451978,{'C': 5}
0.7739343116701608,{'C': 10}
0.7980769230769229,{'C': 5}
0.7445551864156514,{'C': 5}
0.7881808472766109,{'C': 10}
