auc,params
0.6414473684210527,{'C': 5}
0.7555555555555555,{'C': 5}
0.7059496567505722,{'C': 100}
0.8144444444444445,{'C': 5}
0.668997668997669,{'C': 100}
