auc,params
0.6686367218282112,{'C': 500}
0.6206349206349207,{'C': 100}
0.6807377049180328,{'C': 5}
0.6658805031446541,{'C': 1000}
0.6617405582922824,{'C': 500}
