auc,params
0.7404761904761905,{'C': 5}
0.6371291098636729,{'C': 10}
0.80995670995671,{'C': 100}
0.6252964426877471,{'C': 5}
0.6643442622950819,{'C': 100}
