auc,params
0.8033033033033032,{'C': 100}
0.8128472222222223,{'C': 5}
0.7955523672883787,{'C': 100}
0.7336993822923816,{'C': 100}
0.7665895061728395,{'C': 5}
