auc,params
0.700920245398773,{'C': 500}
0.6072239422084622,{'C': 10}
0.632997019032332,{'C': 5}
0.6545760269036752,{'C': 5}
0.6078064984947575,{'C': 5}
