auc,params
0.7001434720229555,{'C': 5}
0.6215805471124621,{'C': 5}
0.6780626780626781,{'C': 5}
0.6877667140825036,{'C': 10}
0.6418128654970761,{'C': 500}
