auc,params
0.7044241037376049,{'C': 10}
0.6466817496229261,{'C': 500}
0.6841070023603463,{'C': 10}
0.7028225806451612,{'C': 5}
0.6736302719747733,{'C': 1000}
