auc,params
0.736111111111111,{'C': 5}
0.6545454545454545,{'C': 100}
0.6383928571428572,{'C': 5}
0.7008928571428571,{'C': 100}
0.6196581196581197,{'C': 5}
