auc,params
0.8313840155945418,{'k': 7}
0.7386039886039886,{'k': 9}
0.8301003344481606,{'k': 9}
0.8682498373454782,{'k': 9}
0.8247441520467838,{'k': 9}
