auc,params
0.5490083905415714,{'k': 5}
0.6131221719457014,{'k': 9}
0.6164437450826121,{'k': 9}
0.5949596774193548,{'k': 9}
0.7063460780449349,{'k': 9}
