auc,params
0.5515873015873015,{'k': 7}
0.639935846030473,{'k': 9}
0.6712121212121213,{'k': 7}
0.5551383399209485,{'k': 7}
0.5649590163934427,{'k': 9}
