auc,params
0.5816430020283975,{'k': 7}
0.520578231292517,{'k': 9}
0.6892078865444482,{'k': 9}
0.5980118590861528,{'k': 9}
0.5818014705882353,{'k': 9}
