auc,params
0.39807824296499655,{'k': 9}
0.6170931058990761,{'k': 3}
0.5314685314685315,{'k': 3}
0.4764492753623188,{'k': 5}
0.5073529411764706,{'k': 7}
