auc,params
0.7345679012345678,{'k': 9}
0.6080357142857143,{'k': 9}
0.6269507803121248,{'k': 9}
0.5622641509433963,{'k': 9}
0.5998838559814169,{'k': 9}
