auc,params
0.5518018018018018,{'k': 9}
0.5176125244618396,{'k': 9}
0.5786479250334672,{'k': 9}
0.629746835443038,{'k': 9}
0.6285635964912281,{'k': 9}
