auc,params
0.5544871794871795,{'k': 9}
0.6742857142857144,{'k': 9}
0.6862745098039216,{'k': 9}
0.5726102941176471,{'k': 9}
0.6439655172413793,{'k': 3}
