auc,params
0.5706214689265535,{'k': 9}
0.6563591893780574,{'k': 7}
0.6508190883190883,{'k': 7}
0.7242524916943522,{'k': 9}
0.6377714489142043,{'k': 7}
