auc,params
0.6741741741741741,{'k': 9}
0.718576388888889,{'k': 9}
0.7313486370157819,{'k': 9}
0.6115305422100206,{'k': 5}
0.7494212962962963,{'k': 9}
