auc,params
0.5491756134969326,{'k': 5}
0.44184726522187817,{'k': 3}
0.5625429947259802,{'k': 9}
0.630254624069181,{'k': 5}
0.6017336240008305,{'k': 7}
