auc,params
0.47309899569583935,{'k': 9}
0.7085866261398176,{'k': 9}
0.646011396011396,{'k': 7}
0.5568990042674253,{'k': 9}
0.5391081871345029,{'k': 7}
