auc,params
0.6128472222222222,{'k': 7}
0.5545454545454546,{'k': 9}
0.6763392857142857,{'k': 9}
0.48214285714285715,{'k': 3}
0.6581196581196581,{'k': 7}
