auc,params
0.5149511213341,{'k': 9}
0.4801886792452831,{'k': 9}
0.6780303030303031,{'k': 9}
0.48572261072261075,{'k': 9}
0.7116724738675959,{'k': 9}
