auc,params
0.7013184584178499,{'k': 5}
0.6246141975308642,{'k': 5}
0.6518838304552591,{'k': 7}
0.6743827160493826,{'k': 7}
0.5594956658786445,{'k': 7}
