auc,params
0.5654667721518987,{'k': 9}
0.6105834464043419,{'k': 9}
0.5772575250836122,{'k': 9}
0.6689095928226363,{'k': 9}
0.5934139784946236,{'k': 9}
