auc,params
0.6896929824561404,{'k': 5}
0.6699999999999999,{'k': 3}
0.6172768878718535,{'k': 9}
0.5983333333333333,{'k': 5}
0.6247086247086246,{'k': 5}
