auc,params
0.551418439716312,{'k': 9}
0.5954365079365079,{'k': 3}
0.6364754098360657,{'k': 7}
0.48388364779874216,{'k': 9}
0.5295566502463054,{'k': 5}
