auc,params
0.6979166666666667,{'C': 1000}
0.6472727272727273,{'C': 5}
0.6383928571428572,{'C': 10}
0.7142857142857143,{'C': 5}
0.6196581196581197,{'C': 10}
