auc,params
0.655701754385965,{'C': 100}
0.7622222222222222,{'C': 100}
0.6933638443935927,{'C': 100}
0.8144444444444444,{'C': 10}
0.655011655011655,{'C': 5}
