auc,params
0.6791602760736197,{'C': 10}
0.6067079463364293,{'C': 100}
0.637353817931667,{'C': 10}
0.6575786692289215,{'C': 5}
0.6128931796947991,{'C': 100}
