auc,params
0.6998474446987033,{'C': 5}
0.6425339366515838,{'C': 10}
0.6778127458693942,{'C': 5}
0.7016129032258065,{'C': 5}
0.6689002759164367,{'C': 100}
