auc,params
0.5865384615384616,{'C': 100}
0.6152380952380953,{'C': 10}
0.7023172905525847,{'C': 5}
0.5183823529411764,{'C': 5}
0.6551724137931035,{'C': 100}
