auc,params
0.5713319810682893,{'C': 1000}
0.5326530612244899,{'C': 1000}
0.7080594949844344,{'C': 1000}
0.6892221834670387,{'C': 100}
0.6547794117647058,{'C': 100}
