auc,params
0.6987087517934003,{'C': 10}
0.6139817629179332,{'C': 100}
0.6887464387464388,{'C': 1000}
0.6813655761024181,{'C': 100}
0.6396198830409356,{'C': 1000}
