auc,params
0.7428571428571429,{'C': 5}
0.6333199679230153,{'C': 1000}
0.8129870129870129,{'C': 1000}
0.6193675889328064,{'C': 10}
0.6610655737704919,{'C': 100}
